Date,Open,High,Low,Close,Volume
1-Feb-12,28.53,28.78,28.47,28.7,2081799
2-Feb-12,28.82,28.83,28.66,28.75,1842866
3-Feb-12,29,29.4,28.96,29.4,2422443
6-Feb-12,29.15,29.32,29.06,29.26,1169442
7-Feb-12,29.06,29.06,28.86,28.9,1679054
8-Feb-12,28.94,29.02,28.69,28.82,2356292
9-Feb-12,28.95,28.97,28.66,28.77,1996181
10-Feb-12,28.6,28.68,28.52,28.65,1593085
13-Feb-12,28.82,29.08,28.64,29,2430288
14-Feb-12,29.66,31.3,29.66,31.04,4460499
15-Feb-12,31.42,31.97,31.29,31.44,3122770
16-Feb-12,31.44,31.51,31.15,31.16,1777134
17-Feb-12,31.29,31.3,30.5,30.7,3428087
21-Feb-12,30.8,30.89,30.57,30.77,2022963
22-Feb-12,30.59,30.96,30.59,30.73,2328688
23-Feb-12,30.72,31.18,30.65,31.11,3070039
24-Feb-12,31.08,31.22,30.98,31.07,1531245
27-Feb-12,30.87,31.41,30.7,31.22,1552110
28-Feb-12,31.26,31.63,31.05,31.48,2001559
29-Feb-12,31.47,31.79,31.3,31.73,2408946
1-Mar-12,31.8,31.98,31.73,31.93,2382155
2-Mar-12,31.87,31.87,31.17,31.19,1181211
5-Mar-12,31.25,31.5,31.2,31.44,1382063
6-Mar-12,31.2,31.46,30.97,31.08,1218323
7-Mar-12,31.19,31.52,31.06,31.42,1323439
8-Mar-12,31.72,31.8,31.48,31.7,1211429
9-Mar-12,31.83,31.9,31.59,31.68,1038641
12-Mar-12,31.68,31.93,31.55,31.78,1183782
13-Mar-12,31.97,32.07,31.77,32.07,2061926
14-Mar-12,31.98,32.29,31.84,32.22,1249841
15-Mar-12,32.22,33,32.14,32.83,2401111
16-Mar-12,32.94,33.06,32.73,33,3807459
19-Mar-12,32.88,32.97,32.75,32.88,1343253
20-Mar-12,32.64,32.97,32.45,32.88,1789689
21-Mar-12,32.75,33.02,32.67,32.88,1487962
22-Mar-12,32.63,33.04,32.54,32.94,1226800
23-Mar-12,32.91,33.04,32.65,32.96,1093163
26-Mar-12,33.17,33.36,33.04,33.35,1623054
27-Mar-12,33.43,33.43,33.08,33.15,1018137
28-Mar-12,33.15,33.19,32.76,33.05,1433612
29-Mar-12,32.78,33.24,32.78,33.05,1617629
30-Mar-12,33.4,33.44,32.93,33.12,1987774
2-Apr-12,32.98,33.92,32.85,33.57,2569926
3-Apr-12,33.57,33.67,33.01,33.23,1369291
4-Apr-12,33.03,33.07,32.52,32.54,1692918
5-Apr-12,32.43,32.67,32.42,32.58,1924803
9-Apr-12,32.18,32.36,32.04,32.21,1504558
10-Apr-12,32.2,32.54,32.13,32.22,3033862
11-Apr-12,32.46,32.86,32.37,32.78,2128077
12-Apr-12,32.8,33.08,32.78,32.89,1641761
13-Apr-12,32.78,32.92,32.48,32.48,1196940
16-Apr-12,32.45,33.02,32.44,32.85,1156060
17-Apr-12,32.6,33.45,32.35,33.3,2269295
18-Apr-12,33.12,33.52,33.01,33.41,1756453
19-Apr-12,33.31,33.72,32.92,33.1,1628002
20-Apr-12,33.19,33.32,33.07,33.07,1855861
23-Apr-12,32.76,32.91,32.48,32.87,1441962
24-Apr-12,32.82,32.89,32.52,32.63,1347703
25-Apr-12,32.9,33.22,32.59,33.07,1719759
26-Apr-12,32.97,34,32.92,33.63,2432080
27-Apr-12,33.84,34,33.65,33.89,2035977
30-Apr-12,33.75,33.94,33.42,33.67,1152183
1-May-12,33.69,34.15,33.67,34.03,1744527
2-May-12,33.9,34,33.68,33.86,1895674
3-May-12,33.81,33.81,33.31,33.33,768161
4-May-12,33.19,33.34,32.87,32.93,1205310
7-May-12,32.83,32.98,32.6,32.65,979039
8-May-12,32.41,32.51,31.94,32.24,1522092
9-May-12,31.86,32.49,31.84,32.24,1470178
10-May-12,32.45,32.64,32.37,32.56,1450052
11-May-12,32.43,32.91,32.34,32.74,1335064
14-May-12,32.51,32.64,32.23,32.49,998550
15-May-12,32.46,32.69,32.23,32.45,1158985
16-May-12,32.56,32.84,32.43,32.52,1448347
17-May-12,32.49,32.54,32.03,32.03,1529926
18-May-12,32.09,32.18,31.3,31.37,1639576
21-May-12,31.38,31.97,31.37,31.92,1447531
22-May-12,32.03,32.61,31.84,32.61,1790895
23-May-12,32.41,32.88,32.29,32.84,2049425
24-May-12,32.96,33.08,32.64,32.96,1707200
25-May-12,33,33.06,32.67,32.82,992595
29-May-12,33.13,33.39,32.79,33.34,1676216
30-May-12,33.12,33.18,32.88,32.95,2185442
31-May-12,32.92,33.05,32.54,32.78,5748330
1-Jun-12,32.33,32.39,31.35,31.37,2145811
4-Jun-12,31.37,31.58,30.96,31.24,1823142
5-Jun-12,31.18,31.75,31.07,31.7,1280787
6-Jun-12,31.97,32.15,31.79,32.14,1497315
7-Jun-12,32.52,32.54,32.06,32.11,1066413
8-Jun-12,31.98,32.39,31.91,32.39,749935
11-Jun-12,32.63,32.73,31.94,31.95,1186830
12-Jun-12,32.02,32.25,31.82,32.1,1229888
13-Jun-12,31.92,32.55,31.62,32.39,1937163
14-Jun-12,32.39,32.71,32.36,32.59,1314900
15-Jun-12,32.61,33.09,32.53,33.02,3102479
18-Jun-12,32.94,33.3,32.79,33.24,949537
19-Jun-12,33.3,33.7,33.29,33.42,999616
20-Jun-12,33.38,33.93,33.38,33.87,1789567
21-Jun-12,33.88,33.91,32.99,32.99,1078562
22-Jun-12,33.17,33.43,33.02,33.28,1059367
25-Jun-12,32.95,32.97,32.48,32.49,1082180
26-Jun-12,32.49,32.82,32.42,32.74,1341814
27-Jun-12,32.74,33.82,32.74,33.71,2611793
28-Jun-12,33.57,33.68,33.2,33.46,1947013
29-Jun-12,33.97,34.08,33.8,34.08,2662734
2-Jul-12,34.11,34.48,33.87,34.46,2146719
3-Jul-12,34.43,34.81,34.37,34.8,802180
5-Jul-12,34.6,34.85,34.46,34.47,1187922
6-Jul-12,34.18,34.39,34.01,34.29,1189696
9-Jul-12,34.22,34.39,33.93,34.37,801394
10-Jul-12,34.51,34.84,33.82,33.89,1235382
11-Jul-12,33.96,34.21,33.82,34.12,1235643
12-Jul-12,33.86,34.04,33.79,33.93,1274128
13-Jul-12,33.37,34.34,33.33,34.32,2182440
16-Jul-12,34.12,34.45,34,34.3,1234166
17-Jul-12,34.32,34.52,34.13,34.23,1176943
18-Jul-12,33.79,33.97,32.26,33.13,4599513
19-Jul-12,33.32,33.32,32.53,32.6,2378028
20-Jul-12,32.5,32.54,32.1,32.13,1508917
23-Jul-12,31.9,32.21,31.61,32,1612015
24-Jul-12,32.08,32.25,31.84,32.01,1481651
25-Jul-12,32.01,32.03,31.63,31.67,1236003
26-Jul-12,32.14,32.33,31.69,31.7,2094559
27-Jul-12,31.89,32.42,31.72,32.32,2750531
30-Jul-12,32.01,32.21,31.65,31.65,2777226
31-Jul-12,31.68,31.68,31.39,31.44,2211552
1-Aug-12,31.52,31.62,30.58,30.71,2228720
2-Aug-12,30.55,30.94,30.46,30.86,2399923
3-Aug-12,31.22,31.56,31.05,31.47,3021154
6-Aug-12,31.5,31.63,31.08,31.13,1105619
7-Aug-12,31.26,31.33,31.04,31.04,2095070
8-Aug-12,30.95,31.14,30.84,31,2352499
9-Aug-12,31,31.13,30.93,31.04,806690
10-Aug-12,30.91,31.09,30.91,31.06,928332
13-Aug-12,30.95,31.02,30.79,30.99,1621288
14-Aug-12,31.07,31.25,31,31.13,1625449
15-Aug-12,31.05,31.13,30.86,30.88,1217872
16-Aug-12,30.95,31.16,30.71,30.9,1480050
17-Aug-12,30.97,31.2,30.83,31.17,5803425
20-Aug-12,31.18,32.11,31.18,32,2587375
21-Aug-12,31.97,32.19,31.83,31.98,2622077
22-Aug-12,31.7,31.89,31.5,31.68,1131842
23-Aug-12,31.62,31.8,31.44,31.72,1024553
24-Aug-12,31.58,32.03,31.48,31.96,1016134
27-Aug-12,32.1,32.1,31.82,31.92,614570
28-Aug-12,31.83,31.91,31.62,31.67,773104
29-Aug-12,31.72,31.8,31.5,31.72,784520
30-Aug-12,31.58,31.66,31.45,31.48,1151771
31-Aug-12,31.66,31.7,31.31,31.5,1333652
4-Sep-12,31.52,31.71,31.3,31.58,1162024
5-Sep-12,31.66,32.15,31.61,31.89,1857420
6-Sep-12,32.08,32.66,32.06,32.64,1424796
7-Sep-12,32.62,32.82,32.58,32.68,1178678
10-Sep-12,32.45,32.69,32.43,32.46,1046515
11-Sep-12,32.49,32.49,31.95,31.96,1406000
12-Sep-12,31.89,31.89,31.47,31.51,1334539
13-Sep-12,31.52,32.04,31.45,31.92,1979209
14-Sep-12,31.94,31.99,31.64,31.7,2431212
17-Sep-12,31.71,32.29,31.55,32.22,4669157
18-Sep-12,32.24,32.45,32.08,32.44,1157876
19-Sep-12,32.44,32.58,32.33,32.34,1923615
20-Sep-12,32.29,32.65,32.14,32.56,1570221
21-Sep-12,32.66,32.8,32.47,32.64,3844087
24-Sep-12,32.27,32.68,32.18,32.46,2025480
25-Sep-12,32.6,32.83,32.26,32.26,1653344
26-Sep-12,32.28,32.37,31.74,31.81,1878228
27-Sep-12,31.9,31.97,31.66,31.68,1584199
28-Sep-12,31.61,31.71,31.2,31.22,2303850
1-Oct-12,31.33,31.41,30.89,30.89,1900132
2-Oct-12,30.78,31.13,30.76,30.98,2061733
3-Oct-12,30.98,31.14,30.82,31,1798495
4-Oct-12,31.08,31.33,30.96,31.14,2176014
5-Oct-12,32.22,32.39,31.49,31.5,2937234
8-Oct-12,31.39,31.47,31.19,31.35,1087886
9-Oct-12,31.25,31.33,30.99,30.99,1339183
10-Oct-12,30.9,31.22,30.9,31.14,2296791
11-Oct-12,31.38,31.63,31.26,31.47,1426403
12-Oct-12,31.5,32.02,31.48,31.88,1634524
15-Oct-12,31.95,32.43,31.75,32.35,1511238
16-Oct-12,32.41,32.59,32.37,32.53,808507
17-Oct-12,32.53,32.66,32.48,32.62,541504
18-Oct-12,32.54,32.7,32.42,32.5,778775
19-Oct-12,32.58,32.58,32.24,32.41,1460339
22-Oct-12,32.24,32.67,32.24,32.62,1359421
23-Oct-12,32.38,32.65,32.08,32.58,1241996
24-Oct-12,32.63,32.73,32.3,32.73,1841894
25-Oct-12,32.93,33,32.45,32.54,2759443
26-Oct-12,32.56,32.77,32.36,32.62,1012766
31-Oct-12,32.64,33.07,32.63,32.87,2114490
1-Nov-12,32.86,33.3,32.68,33.14,2057083
2-Nov-12,33.3,33.73,33.15,33.52,1886289
5-Nov-12,33.44,33.52,32.8,33.28,1748308
6-Nov-12,34.19,35.44,34.02,34.73,4462834
7-Nov-12,34.34,34.91,34.25,34.55,2399781
8-Nov-12,34.5,34.56,34.12,34.33,2293318
9-Nov-12,34.22,34.71,34.11,34.52,1370159
12-Nov-12,34.54,35.06,34.37,34.89,1779966
13-Nov-12,34.68,35.08,34.43,34.94,1462614
14-Nov-12,34.08,35.22,33.62,34.38,1265620
15-Nov-12,34.46,34.74,34.07,34.33,1388337
16-Nov-12,34.37,35.2,34.37,35,2499395
19-Nov-12,35.24,35.27,34.92,35.16,1628853
20-Nov-12,35.18,35.74,35.07,35.52,2365423
21-Nov-12,35.53,35.72,35.42,35.59,616731
23-Nov-12,35.64,35.84,35.54,35.78,385102
26-Nov-12,35.68,35.9,35.48,35.82,1290828
27-Nov-12,35.76,35.9,35.51,35.69,1687740
28-Nov-12,35.46,36.13,35.45,36.1,2162022
29-Nov-12,36.11,36.43,36,36.12,1612621
30-Nov-12,36.12,36.39,36.1,36.1,2188961
3-Dec-12,36.14,36.44,35.76,35.81,2893831
4-Dec-12,35.88,36.35,35.88,36.22,2420405
5-Dec-12,36.36,36.91,35.94,36.7,3505630
6-Dec-12,36.73,37.01,36.46,36.97,3426953
7-Dec-12,36.93,37.14,35.92,36.16,3589230
10-Dec-12,36.16,36.65,36.06,36.44,3234689
11-Dec-12,36.47,36.73,36.18,36.36,3098495
12-Dec-12,36.32,36.61,36.05,36.11,3152548
13-Dec-12,35.99,36.1,35.2,35.54,4108730
14-Dec-12,35.6,35.7,35.4,35.48,3195818
17-Dec-12,35.69,35.77,34.92,35,6765523
18-Dec-12,34.95,35.26,34.91,35.17,6848622
19-Dec-12,35.14,35.17,34.69,35.07,5290117
20-Dec-12,35,35.71,34.74,35.46,5024377
21-Dec-12,35.38,35.75,34.74,34.89,3081506
24-Dec-12,34.94,35.11,34.71,34.95,627801
26-Dec-12,34.93,34.98,34.31,34.35,1158503
27-Dec-12,34.27,34.68,34.02,34.58,2009674
28-Dec-12,34.32,34.69,34.26,34.26,1250476
31-Dec-12,34.2,34.83,33.99,34.81,2132795
2-Jan-13,35.17,35.84,35.13,35.82,2880206
3-Jan-13,35.86,35.92,35.52,35.57,1634260
4-Jan-13,35.67,36.02,35.51,35.98,1519696
7-Jan-13,35.75,35.95,35.48,35.8,1510202
8-Jan-13,35.68,35.77,35.5,35.68,1156124
9-Jan-13,35.82,36.05,35.67,36.02,1275339
10-Jan-13,36.11,36.54,35.84,36.54,2171717
11-Jan-13,36.63,37.36,36.56,37,2055370
14-Jan-13,36.88,37.29,36.78,37.19,1832096
15-Jan-13,36.88,36.91,36.18,36.76,2906556
16-Jan-13,36.63,37.03,36.54,37,2182095
17-Jan-13,37.09,37.25,36.95,37.05,2086642
18-Jan-13,37.18,37.24,36.82,37.06,1936091
22-Jan-13,37,37.77,36.94,37.68,2578859
23-Jan-13,37.78,37.93,37.54,37.71,3572301
24-Jan-13,37.72,37.82,37.19,37.23,1352432
25-Jan-13,37.28,37.39,37.09,37.2,1239799
28-Jan-13,37.19,37.31,36.77,36.84,1368876
29-Jan-13,36.8,36.96,36.47,36.9,1268384
30-Jan-13,36.9,37.22,36.79,37.17,1730704
31-Jan-13,37.22,37.35,36.78,37.11,1250956
1-Feb-13,37.31,37.75,37.27,37.66,1512635
4-Feb-13,37.42,37.66,36.94,36.96,1547373
5-Feb-13,37.18,37.49,37.09,37.28,1198981
6-Feb-13,37.16,37.51,36.97,37.4,1650780
7-Feb-13,37.31,37.4,36.96,37.08,1560595
8-Feb-13,37.21,37.62,37.16,37.62,1285725
11-Feb-13,37.53,37.72,37.34,37.56,1134631
12-Feb-13,36.04,37.1,35.21,36.5,3131016
13-Feb-13,36.63,37.5,36.6,37.2,2232532
14-Feb-13,37.06,37.07,36.56,36.98,2471973
15-Feb-13,36.9,36.94,36.4,36.49,2522319
19-Feb-13,36.5,36.99,36.36,36.99,2959283
20-Feb-13,36.97,37.49,36.92,37.26,2392383
21-Feb-13,37.13,37.24,36.31,36.55,2744208
22-Feb-13,36.56,37.02,36.01,37,2180678
25-Feb-13,37.07,37.35,36.72,36.72,2393795
26-Feb-13,36.83,37.15,36.59,37.04,1938855
27-Feb-13,37.1,37.87,36.98,37.7,2099303
28-Feb-13,37.7,37.86,37.46,37.65,1850817
1-Mar-13,37.46,37.73,36.87,37.66,1426382
4-Mar-13,37.55,37.77,37.34,37.77,1044194
5-Mar-13,37.89,38.28,37.82,38.28,2044180
6-Mar-13,38.39,38.44,38.14,38.41,1231114
7-Mar-13,37.5,37.93,37.05,37.53,6179288
8-Mar-13,37.72,38.16,37.52,37.91,4262957
11-Mar-13,37.91,38.47,37.69,38.45,3797407
12-Mar-13,38.29,38.64,38.14,38.48,2051479
13-Mar-13,38.35,38.58,38.16,38.51,1459684
14-Mar-13,38.57,38.67,38.43,38.57,1727130
15-Mar-13,38.49,38.84,38.14,38.3,10386359
18-Mar-13,37.94,38.26,37.61,37.7,2464044
19-Mar-13,37.85,38.1,37.61,38,2090015
20-Mar-13,38.31,38.51,38.1,38.44,1556166
21-Mar-13,38.17,38.52,38.17,38.43,1930648
22-Mar-13,38.5,38.63,38.2,38.57,1023827
25-Mar-13,38.75,39.14,38.38,38.49,1119778
26-Mar-13,38.66,39.03,38.58,39.02,1882755
27-Mar-13,38.7,39.16,38.7,39.02,1148452
28-Mar-13,39.09,39.66,38.96,39.62,1972423
1-Apr-13,39.71,39.88,39.5,39.7,4007022
2-Apr-13,39.76,39.99,39.7,39.98,3014803
3-Apr-13,40.05,40.29,39.68,39.9,4950955
4-Apr-13,39.89,40,39.58,39.73,1895099
5-Apr-13,39.34,39.43,38.85,39.05,2039799
8-Apr-13,38.98,39.16,38.88,39.16,1160302
9-Apr-13,39.27,39.27,38.91,39.09,1520701
10-Apr-13,39.25,40.05,39.15,40.04,2642560
11-Apr-13,40.12,41.02,39.94,41,3823739
12-Apr-13,40.44,40.77,40.26,40.75,1944466
15-Apr-13,40.58,40.59,40.11,40.12,2923083
16-Apr-13,40.35,40.69,39.96,40.65,1801138
17-Apr-13,40.43,40.43,39.67,40.11,1465198
18-Apr-13,40.16,40.28,39.71,40.25,1558707
19-Apr-13,40.48,40.94,40.27,40.81,1954360
22-Apr-13,40.86,41.06,40.32,40.6,1282946
23-Apr-13,40.78,41.07,40.55,40.96,1468018
24-Apr-13,41,41.14,40.78,40.93,1398072
25-Apr-13,41.08,41.25,40.96,41.06,1232680
26-Apr-13,40.99,41.06,40.72,40.79,2152705
29-Apr-13,40.84,40.89,40.47,40.67,3689110
30-Apr-13,42,42.3,40.56,42.05,3957617
1-May-13,41.93,42.44,41.84,42.1,2415655
2-May-13,42.09,42.45,42.07,42.33,1842180
3-May-13,42.5,42.95,42.43,42.72,1547299
6-May-13,42.81,42.81,42.42,42.54,1010993
7-May-13,42.55,42.72,42.33,42.63,1149158
8-May-13,42.63,43.69,42.52,43.57,2633053
9-May-13,43.43,44,43.37,43.79,1903798
10-May-13,43.81,44,43.59,43.79,1147076
13-May-13,43.65,43.79,43.57,43.72,1522440
14-May-13,43.74,44.02,43.65,43.97,2317273
15-May-13,43.91,44.36,43.9,44.32,1485245
16-May-13,44.3,44.77,44.28,44.51,1586226
17-May-13,44.54,45.11,44.51,45.08,1477436
20-May-13,45.05,45.3,44.92,45.26,1790390
21-May-13,45.29,45.82,45.2,45.29,1346921
22-May-13,45.34,45.75,44.98,45.18,2104612
23-May-13,44.91,45.36,44.85,45.24,1642257
24-May-13,44.99,45.25,44.56,45.16,1090626
28-May-13,45.45,45.95,45.37,45.8,1532793
29-May-13,45.46,45.53,44.94,45.07,1565183
30-May-13,45.13,45.87,45.09,45.78,1109626
31-May-13,45.58,45.67,44.88,44.9,3218708
3-Jun-13,44.89,45.23,44.41,44.91,1776581
4-Jun-13,44.9,44.98,44,44.32,2073002
5-Jun-13,44.23,44.45,43.34,43.37,1791284
6-Jun-13,43.31,44.14,43.03,44.13,1638723
7-Jun-13,44.36,44.71,44.24,44.53,1432425
10-Jun-13,44.58,44.77,44.32,44.71,1323847
11-Jun-13,44.26,44.95,44.07,44.58,1605870
12-Jun-13,44.57,44.66,43.81,43.85,1448939
13-Jun-13,43.85,44.77,43.6,44.71,961384
14-Jun-13,44.29,44.47,43.46,43.64,1586457
17-Jun-13,43.98,44.47,43.69,44.02,1732796
18-Jun-13,44.11,44.33,43.95,44.33,1199874
19-Jun-13,44.38,44.52,43.76,43.77,919892
20-Jun-13,43.43,43.66,42.55,42.62,1497746
21-Jun-13,42.87,42.9,42.16,42.64,1900480
24-Jun-13,42.37,42.87,42.09,42.53,1949398
25-Jun-13,42.91,43.07,42.43,43.01,1538416
26-Jun-13,43.41,43.41,42.77,42.95,2115276
27-Jun-13,43.11,43.15,42.89,43.01,2140207
28-Jun-13,42.68,43.27,42.68,42.84,4008375
1-Jul-13,43.14,43.65,43.08,43.41,1378855
2-Jul-13,43.45,43.55,42.73,42.8,1873539
3-Jul-13,42.72,43.31,42.61,43.05,1420988
5-Jul-13,43.42,43.65,43.13,43.63,1156408
8-Jul-13,44,44.71,43.95,44.63,1547454
9-Jul-13,44.81,44.93,44.28,44.43,998830
10-Jul-13,44.37,44.92,44.37,44.86,1220248
11-Jul-13,45.32,45.43,45.01,45.35,1097908
12-Jul-13,45.33,45.43,44.78,45.06,944178
15-Jul-13,44.99,45.28,44.79,45.05,591465
16-Jul-13,45.01,45.19,44.58,44.7,754538
17-Jul-13,44.79,44.94,44.53,44.73,553355
18-Jul-13,44.76,45.07,44.62,44.71,625986
19-Jul-13,44.87,44.87,44.32,44.37,943139
22-Jul-13,44.35,44.48,44.23,44.29,1227624
23-Jul-13,44.73,44.76,44.3,44.54,1359478
24-Jul-13,44.75,44.83,44.25,44.32,873433
25-Jul-13,44.35,44.64,44.1,44.55,911350
26-Jul-13,44.19,44.35,43.86,44.35,800909
29-Jul-13,44.2,44.41,44.13,44.28,909777
30-Jul-13,44.5,44.55,42.82,43.06,2601248
31-Jul-13,42.95,43.35,42.78,43.16,2495628
1-Aug-13,43.35,44.9,43.26,44.85,2096678
2-Aug-13,44.77,45.42,44.49,45.33,1788773
5-Aug-13,45.21,45.64,45.11,45.52,1929194
6-Aug-13,45.42,46.26,45.37,45.94,1829061
7-Aug-13,45.84,46.56,45.66,46.42,1789378
8-Aug-13,46.69,46.98,46.37,46.53,1796202
9-Aug-13,46.46,47.17,46.46,46.95,1129828
12-Aug-13,46.77,47.73,46.68,47.41,2137162
13-Aug-13,47.26,47.36,46.5,46.98,2824753
14-Aug-13,46.87,47.2,46.85,46.96,988040
15-Aug-13,46.56,46.6,45.93,46.02,1565440
16-Aug-13,46,46.2,45.91,46.11,1612948
19-Aug-13,46,46.3,45.79,45.83,847675
20-Aug-13,45.81,46.05,45.74,45.82,1005570
21-Aug-13,45.69,45.95,45.3,45.57,1002077
22-Aug-13,45.7,45.9,45.56,45.8,649578
23-Aug-13,45.94,46.16,45.6,45.71,1225378
26-Aug-13,45.67,45.87,45.38,45.42,1347000
27-Aug-13,45.03,45.16,44.5,44.52,1017294
28-Aug-13,44.55,44.68,44.31,44.31,1085548
29-Aug-13,44.2,44.77,44.06,44.64,694164
30-Aug-13,44.62,44.83,44.32,44.46,1320891
3-Sep-13,44.91,45.18,44.3,44.51,1235533
4-Sep-13,44.49,44.73,44.31,44.52,1196434
5-Sep-13,44.53,44.78,44.41,44.61,1117102
6-Sep-13,44.63,45.36,44.18,45.11,1035801
9-Sep-13,45.41,45.68,44.72,44.94,1606133
10-Sep-13,45.13,45.92,45.07,45.91,1003025
11-Sep-13,45.87,46.09,45.77,45.84,929853
12-Sep-13,45.68,45.88,45.36,45.72,990342
13-Sep-13,45.86,46.04,45.67,45.96,972601
16-Sep-13,46.41,46.75,46.33,46.59,715313
17-Sep-13,46.69,46.95,46.61,46.85,750913
18-Sep-13,46.99,47.15,46.52,46.91,948532
19-Sep-13,46.92,47.3,46.84,47.13,756800
20-Sep-13,47.16,47.33,46.81,46.85,1332060
23-Sep-13,46.65,46.91,46.35,46.5,528215
24-Sep-13,46.55,47.13,46.47,46.83,914158
25-Sep-13,46.82,47.1,46.41,46.7,944512
26-Sep-13,46.71,47,46.44,46.63,1447853
27-Sep-13,46.36,46.63,46.31,46.54,802621
30-Sep-13,46.26,46.48,46,46.44,1070148
1-Oct-13,46.47,47,46.39,46.88,1212821
2-Oct-13,46.68,47.07,46.56,47.05,1198732
3-Oct-13,46.89,46.92,45.98,46.07,1789197
4-Oct-13,46.09,46.57,46.02,46.55,1469424
7-Oct-13,46.17,46.21,45.9,45.9,837581
8-Oct-13,45.87,45.99,45.23,45.24,1510926
9-Oct-13,45.29,45.31,44.46,44.9,1699408
10-Oct-13,45.22,45.93,45.22,45.93,1111346
11-Oct-13,45.71,46.23,45.7,46.17,647658
14-Oct-13,46.02,46.39,45.92,46.28,669902
15-Oct-13,46.09,46.2,45.62,45.63,926401
16-Oct-13,46.01,46.67,45.91,46.61,1017302
17-Oct-13,46.45,46.66,46.27,46.66,1211487
18-Oct-13,46.86,47.62,46.6,47.36,1330260
21-Oct-13,47.4,47.64,47.23,47.57,646767
22-Oct-13,47.62,48.09,47.6,47.94,791785
23-Oct-13,47.72,47.88,47.39,47.6,964496
24-Oct-13,47.62,47.81,47.4,47.48,817319
25-Oct-13,47.52,47.63,47.31,47.44,915182
28-Oct-13,47.44,47.5,46.93,46.94,1764390
29-Oct-13,47.3,49.63,46.99,49.27,2136982
30-Oct-13,49.28,49.5,48.73,48.79,1753991
31-Oct-13,48.71,49.21,48.46,48.75,1170750
1-Nov-13,48.95,49.02,48.51,48.55,1019193
4-Nov-13,48.62,48.72,48.35,48.54,828236
5-Nov-13,48.48,48.61,48.22,48.48,824960
6-Nov-13,48.5,48.64,48.19,48.5,963323
7-Nov-13,48.67,48.74,47.59,47.65,797972
8-Nov-13,47.5,48.5,47.4,48.32,1740251
11-Nov-13,48.15,48.49,48.05,48.19,1062756
12-Nov-13,48.04,48.84,47.92,48.71,957524
13-Nov-13,48.37,49.46,48.34,49.45,913662
14-Nov-13,49.37,50.49,49.26,50.36,1537624
15-Nov-13,50.16,50.97,50.05,50.94,1759066
18-Nov-13,51.04,51.11,50.49,50.59,996700
19-Nov-13,50.6,51.49,50.44,50.63,1220094
20-Nov-13,51.05,51.06,50.55,50.67,1004499
21-Nov-13,50.77,51.01,50.58,50.98,1174470
22-Nov-13,50.91,51.01,50.56,50.98,1464740
25-Nov-13,51.18,51.31,50.52,50.8,839353
26-Nov-13,50.89,51.01,50.24,50.83,2198248
27-Nov-13,50.92,51,50.57,50.84,787854
29-Nov-13,50.81,50.97,50.61,50.68,657274
2-Dec-13,50.8,50.9,50.54,50.6,1469191
3-Dec-13,50.49,51.14,50.36,50.68,1967421
4-Dec-13,50.39,50.76,50.01,50.45,1146487
5-Dec-13,50.34,50.49,49.74,49.8,1097239
6-Dec-13,50.23,51.05,50.19,50.88,832903
9-Dec-13,51.01,51.35,50.68,50.86,1020998
10-Dec-13,50.77,51.27,50.61,51.24,1616025
11-Dec-13,51.25,51.33,50.37,50.5,1273285
12-Dec-13,50.1,50.66,50.1,50.5,878780
13-Dec-13,50.64,51.02,50.55,50.78,834029
16-Dec-13,50.99,51.36,50.96,51.27,632668
17-Dec-13,51.37,51.37,50.8,51.05,923540
18-Dec-13,51.28,52.33,50.76,52.3,993762
19-Dec-13,52.32,52.48,52.03,52.19,869371
20-Dec-13,52.48,52.67,52.07,52.66,1555104
23-Dec-13,52.8,52.87,52.37,52.49,904547
24-Dec-13,52.43,52.59,52.32,52.47,766414
26-Dec-13,52.77,52.77,52.37,52.66,1146225
27-Dec-13,52.89,53.07,52.65,52.75,518443
30-Dec-13,52.87,53.38,52.85,53.29,795753
31-Dec-13,53.36,53.73,53.36,53.68,713317
2-Jan-14,53.4,53.55,52.79,53,986757
3-Jan-14,53.01,53.61,52.87,53.15,969344
6-Jan-14,53.23,53.43,52.78,52.85,790694
7-Jan-14,52.91,53.1,52.78,52.95,855700
8-Jan-14,53.02,53.14,52.84,53,1771845
9-Jan-14,53.1,53.25,52.91,53.02,621863
10-Jan-14,53.17,53.23,52.7,53,697147
13-Jan-14,52.82,53.08,51.93,52.04,1213360
14-Jan-14,52.23,52.87,52.04,52.44,2001103
15-Jan-14,52.54,52.75,52.28,52.4,2230087
16-Jan-14,52.36,52.67,52.23,52.54,1403406
17-Jan-14,52.61,52.82,52.35,52.74,1426944
21-Jan-14,53,53.31,52.66,53.25,2048647
22-Jan-14,53.2,53.55,53.16,53.5,1780075
23-Jan-14,53,53.5,52.75,53.25,2691978
24-Jan-14,52.7,52.84,50.7,50.84,2761736
27-Jan-14,51,51,50.35,50.38,2005611
28-Jan-14,50.37,51.02,50.2,50.96,863626
29-Jan-14,50.49,51.62,50.48,51.01,2440566
30-Jan-14,51.59,52.02,51.43,51.72,1012262
31-Jan-14,51.04,51.09,50.48,50.7,2404999
3-Feb-14,50.73,50.85,48.86,48.87,1988361
4-Feb-14,49.29,51.33,48.17,50.95,2950622
5-Feb-14,50.95,51.8,50.53,51.38,3040518
6-Feb-14,51.49,52.48,51.35,52.48,2249965
7-Feb-14,52.84,53.74,52.71,53.71,3217299
10-Feb-14,53.58,53.68,52.6,53.03,1619905
11-Feb-14,53.16,53.4,52.63,53.12,1699722
12-Feb-14,53.25,53.6,53.16,53.55,1748312
13-Feb-14,53.32,54.07,53.32,54.07,979488
14-Feb-14,53.86,54.18,53.58,53.86,916393
18-Feb-14,53.9,54.36,53.69,54.31,925695
19-Feb-14,54.1,54.76,53.89,53.92,778247
20-Feb-14,54.02,54.64,53.91,54.27,835092
21-Feb-14,54.51,54.71,54.34,54.34,807175
24-Feb-14,54.33,55.32,54.33,54.9,1004185
25-Feb-14,54.84,55.17,54.62,54.95,859013
26-Feb-14,55.08,55.42,54.86,55.16,952653
27-Feb-14,54.96,56.04,54.96,56.02,1341775
28-Feb-14,55.95,56.2,55.31,55.61,1319669
3-Mar-14,55,55.5,54.57,55.23,840743
4-Mar-14,55.98,56.68,55.87,56.55,1201544
5-Mar-14,56.63,56.63,55.48,55.53,1461927
6-Mar-14,55.6,55.98,55.42,55.65,1324137
7-Mar-14,55.91,55.98,55.35,55.47,992497
10-Mar-14,55.42,55.44,55,55.15,779214
11-Mar-14,55.23,55.51,54.85,54.96,1190955
12-Mar-14,54.76,54.83,54.46,54.75,1170381
13-Mar-14,54.8,54.89,53.33,53.33,1600910
14-Mar-14,53.26,53.47,52.7,52.75,1787479
17-Mar-14,53.08,53.58,53.08,53.45,1456531
18-Mar-14,53.45,54.23,53.43,54.18,930492
19-Mar-14,54.3,54.5,53.53,53.88,902043
20-Mar-14,53.85,54.42,53.75,54.29,986441
21-Mar-14,54.82,55.07,53.9,54.17,2529272
24-Mar-14,54.31,54.52,53.05,53.15,911354
25-Mar-14,53.51,53.58,52.81,53.07,1025190
26-Mar-14,53.29,53.44,52.47,52.51,1057676
27-Mar-14,52.29,52.62,52,52.33,1463932
28-Mar-14,52.45,53.18,52.24,52.89,1124632
31-Mar-14,53.19,53.85,53.18,53.45,1947538
1-Apr-14,53.57,53.96,53.36,53.92,1041638
2-Apr-14,53.91,54.34,53.74,54.16,1206611
3-Apr-14,54.23,54.35,54.02,54.16,1064526
4-Apr-14,54.57,54.59,53.06,53.17,1265965
7-Apr-14,53.02,53.26,52.23,52.91,3280749
8-Apr-14,52.89,52.94,52.36,52.68,1267711
9-Apr-14,52.92,53.05,52.37,53.01,1094219
10-Apr-14,53.09,53.16,51.81,51.81,877633
11-Apr-14,51.43,51.92,50.99,51.28,1474243
14-Apr-14,51.65,51.8,51.17,51.68,1220276
15-Apr-14,51.93,52.45,51.59,52.15,1968741
16-Apr-14,52.59,52.87,52.36,52.5,1299218
17-Apr-14,52.21,52.97,52.08,52.68,1408793
21-Apr-14,52.9,52.98,52.17,52.51,702062
22-Apr-14,52.47,52.7,52.27,52.51,1011086
23-Apr-14,52.51,53.45,52.51,53.3,2126074
24-Apr-14,53.49,53.49,52.4,52.55,1598538
25-Apr-14,52.26,52.28,51.76,51.8,758237
28-Apr-14,52.18,52.61,51.37,51.9,962297
29-Apr-14,52.23,52.81,51.98,52.8,1579045
30-Apr-14,52.91,53.6,52.57,53.43,1904799
1-May-14,53.51,53.79,52.13,53.61,1843727
2-May-14,53.78,54.51,53.68,54.36,1565712
5-May-14,54.13,54.77,53.93,54.49,1192606
6-May-14,54.38,54.39,53.67,53.71,1258991
7-May-14,53.96,54.04,53.39,53.72,1289168
8-May-14,53.58,54.02,53.34,53.48,1254640
9-May-14,53.63,53.82,53.32,53.75,1405058
12-May-14,53.92,54.97,53.89,54.91,2331155
13-May-14,54.92,54.92,54.64,54.67,994892
14-May-14,54.6,54.74,54.25,54.29,765961
15-May-14,54.24,54.24,53.63,53.8,1057749
16-May-14,53.72,53.93,53.16,53.4,2583389
19-May-14,53.22,53.86,53.07,53.78,2318835
20-May-14,53.87,53.95,53.2,53.24,923837
21-May-14,53.32,53.5,53.13,53.23,829028
22-May-14,53.26,53.28,53.05,53.13,761853
23-May-14,53.22,53.53,53.08,53.38,663548
27-May-14,53.63,53.93,53.37,53.64,830903
28-May-14,53.73,54.19,53.53,53.94,1179689
29-May-14,54.25,54.25,53.94,54.06,1162139
30-May-14,54.03,54.21,53.92,54.15,823913
2-Jun-14,54.11,54.34,53.77,54.15,846263
3-Jun-14,53.87,54.19,53.85,54,502880
4-Jun-14,53.93,54.22,53.73,54.19,1029239
5-Jun-14,54.14,54.56,53.94,54.55,842718
6-Jun-14,54.55,55.14,54.52,55.07,891223
9-Jun-14,55.06,55.43,54.97,55.15,683499
10-Jun-14,55.16,55.24,54.97,55.12,660628
11-Jun-14,54.97,54.97,54.4,54.43,594791
12-Jun-14,54.2,54.2,53.42,53.66,685522
13-Jun-14,53.64,54,53.62,53.85,697560
16-Jun-14,53.71,53.86,53.45,53.66,678816
17-Jun-14,53.61,54.26,53.6,54.08,1089976
18-Jun-14,53.98,54.13,53.66,53.96,935657
19-Jun-14,54.02,54.33,53.91,54.2,1363502
20-Jun-14,54.25,54.81,54.21,54.44,2063700
23-Jun-14,54.43,54.67,54.22,54.6,854972
24-Jun-14,54.46,54.86,54.44,54.56,1105305
25-Jun-14,54.4,55.4,54.33,55.29,1682690
26-Jun-14,55.23,55.25,54.3,54.67,2085018
27-Jun-14,54.57,54.9,54.38,54.81,1394418
30-Jun-14,54.73,54.89,54.24,54.74,1105420
1-Jul-14,54.89,55.43,54.81,54.92,1169124
2-Jul-14,54.8,55.15,54.72,54.93,730405
3-Jul-14,55.01,55.5,54.91,55.44,542547
7-Jul-14,55.19,55.41,55.04,55.22,527583
8-Jul-14,55.24,55.32,54.79,55.1,934841
9-Jul-14,55.24,55.3,55,55.21,736486
10-Jul-14,54.71,55.54,54.66,55.1,1126442
11-Jul-14,55.17,55.63,54.89,55.59,1091244
14-Jul-14,55.76,56.17,55.63,56.15,1235361
15-Jul-14,56.14,56.57,56.05,56.52,1470408
16-Jul-14,56.65,56.86,56.39,56.77,2122754
17-Jul-14,56.5,56.88,56.21,56.22,1542634
18-Jul-14,56.33,56.95,56.18,56.91,1035639
21-Jul-14,56.67,56.79,56.43,56.53,578790
22-Jul-14,56.73,56.98,56.63,56.9,946332
23-Jul-14,56.84,56.88,56.52,56.58,605792
24-Jul-14,56.73,56.75,56.44,56.58,1019201
25-Jul-14,56.29,56.75,56.29,56.59,1027004
28-Jul-14,56.5,56.7,56,56.56,1298314
29-Jul-14,56.89,56.94,55.56,56.35,2102787
30-Jul-14,56.47,57.07,56.33,57.02,1742429
31-Jul-14,56.56,56.78,56.31,56.4,1883924
1-Aug-14,56.11,56.54,56.08,56.1,1192393
4-Aug-14,56.22,56.3,55.7,55.94,1274010
5-Aug-14,55.8,56.18,55.33,55.42,1140349
6-Aug-14,55.39,55.63,54.97,55.02,1135235
7-Aug-14,55.17,55.67,54.79,54.86,1418396
8-Aug-14,54.98,55.28,54.89,55.2,1350381
11-Aug-14,55.45,55.92,55.34,55.39,1088949
12-Aug-14,55.27,55.62,55.13,55.25,1048099
13-Aug-14,55.54,55.99,55.49,55.9,1282127
14-Aug-14,56.01,56.16,55.85,55.92,1081669
15-Aug-14,56.13,56.36,55.43,55.8,1937428
18-Aug-14,56.11,56.83,56.1,56.68,1649724
19-Aug-14,56.72,57.31,56.71,56.91,1714100
20-Aug-14,56.94,57.22,56.76,57.19,1285040
21-Aug-14,57.2,57.64,56.97,57.32,948129
22-Aug-14,57.19,57.33,56.9,57.14,624279
25-Aug-14,57.35,57.65,57.17,57.49,1446915
26-Aug-14,57.5,57.64,57.27,57.3,583673
27-Aug-14,57.25,57.34,56.83,56.98,627731
28-Aug-14,56.8,57.01,56.68,56.71,641116
29-Aug-14,56.6,56.86,56.42,56.75,654782
2-Sep-14,56.91,57.3,56.69,57.06,884523
3-Sep-14,57.15,57.36,57,57.27,691830
4-Sep-14,57.5,58.14,57.36,57.82,1440893
5-Sep-14,57.76,58.55,57.75,58.51,1370805
8-Sep-14,58.5,58.86,58.23,58.35,1540128
9-Sep-14,58.24,58.36,57.59,57.66,1536072
10-Sep-14,57.58,58.16,57.55,58.05,1047000
11-Sep-14,57.76,57.89,57.36,57.49,1605282
12-Sep-14,57.44,57.5,56.76,57.02,1084403
15-Sep-14,57.06,57.15,56.74,56.9,791554
16-Sep-14,56.76,57.16,56.49,56.99,1078057
17-Sep-14,57.02,57.27,56.72,56.89,1015577
18-Sep-14,56.97,57.23,56.93,56.95,1132656
19-Sep-14,57.23,57.47,57.12,57.26,2767854
22-Sep-14,57.13,57.31,56.8,57.15,1262894
23-Sep-14,57.02,57.34,56.9,56.9,1209232
24-Sep-14,56.87,57.76,56.68,57.63,1182952
25-Sep-14,57.46,57.56,56.52,56.53,1575017
26-Sep-14,56.55,56.82,56.37,56.67,907850
29-Sep-14,55.94,56.67,55.73,56.49,1012446
30-Sep-14,56.46,56.67,56.19,56.3,906169
1-Oct-14,56.11,56.23,55.62,55.7,876296
2-Oct-14,55.81,56,55.26,55.63,971925
3-Oct-14,55.81,56.69,55.81,56.49,2191491
6-Oct-14,56.66,56.8,56.36,56.48,962355
7-Oct-14,56.03,56.11,55.21,55.22,1460978
8-Oct-14,55.17,56.59,55.17,56.51,1834105
9-Oct-14,56.44,56.47,55.05,55.09,949986
10-Oct-14,55.13,55.51,54.28,54.29,1259937
13-Oct-14,54.36,54.36,53.18,53.23,1282523
14-Oct-14,53.47,53.66,53.21,53.31,1658293
15-Oct-14,52.56,52.8,51.38,52.4,1606900
16-Oct-14,51.54,52.54,51.44,52.38,1008793
17-Oct-14,52.97,53.7,52.68,53.41,1566254
20-Oct-14,53.03,53.77,53.03,53.74,1068206
21-Oct-14,53.99,54.82,53.87,54.7,1565015
22-Oct-14,54.7,55.19,54.44,54.46,1208874
23-Oct-14,55.18,55.43,54.94,55.24,1184659
24-Oct-14,55.23,55.9,55.09,55.77,906263
27-Oct-14,55.69,55.8,55.26,55.57,923395
28-Oct-14,55.93,56.57,55.69,56.55,1307586
29-Oct-14,56.67,56.78,55.76,56.2,1653531
30-Oct-14,56.2,57.86,56.2,57.39,1883101
31-Oct-14,58.19,59.24,58.16,58.39,2369159
3-Nov-14,58.62,58.75,58.14,58.33,1062416
4-Nov-14,58.18,58.55,58.03,58.23,1168981
5-Nov-14,58.6,58.87,58.2,58.79,1087897
6-Nov-14,58.91,59.03,58.66,58.92,613694
7-Nov-14,58.95,58.98,58.27,58.38,961171
10-Nov-14,58.22,58.66,57.19,58.58,899862
11-Nov-14,58.57,58.68,58.3,58.49,922227
12-Nov-14,58.34,58.93,58.34,58.91,1213801
13-Nov-14,59.05,59.31,58.81,59.3,1154195
14-Nov-14,59.35,59.57,58.99,59.12,3000120
17-Nov-14,59.02,59.54,58.81,59.46,936293
18-Nov-14,59.36,59.96,59.25,59.8,1203600
19-Nov-14,59.76,59.85,59.34,59.78,763980
20-Nov-14,59.54,59.81,59.36,59.7,657786
21-Nov-14,60.15,60.25,59.81,59.9,957243
24-Nov-14,59.95,60.22,59.93,60.11,682375
25-Nov-14,60.3,60.69,60.01,60.46,999104
26-Nov-14,60.51,60.91,60.37,60.76,835149
28-Nov-14,60.9,61.66,60.68,61.19,599227
1-Dec-14,60.83,61.69,60.68,61.43,963098
2-Dec-14,61.54,61.66,61.32,61.42,834021
3-Dec-14,61.34,61.83,61.2,61.74,702771
4-Dec-14,61.79,61.96,61.41,61.65,640241
5-Dec-14,61.65,61.89,61.41,61.62,624136
8-Dec-14,61.5,61.8,60.92,61.28,700088
9-Dec-14,60.62,61.4,60.5,61.35,698975
10-Dec-14,61.14,61.27,60.58,60.84,1291252
11-Dec-14,60.93,61.54,60.77,60.99,870539
12-Dec-14,60.29,60.75,60.23,60.33,1410088
15-Dec-14,60.38,60.71,59.71,60.45,1452357
16-Dec-14,60.35,61.14,59.95,60.16,1121793
17-Dec-14,60.26,61.51,60.04,61.5,1208377
18-Dec-14,62.15,63.6,61.97,63.59,1371572
19-Dec-14,63.76,64.3,62.92,63.07,2939804
22-Dec-14,63.26,63.76,63.25,63.55,1143317
23-Dec-14,63.77,64.15,63.7,64.04,583073
24-Dec-14,63.99,64.15,63.56,63.62,471913
26-Dec-14,63.91,63.92,63.46,63.51,366576
29-Dec-14,63.43,63.69,63.21,63.56,612942
30-Dec-14,63.35,63.45,63.12,63.16,423993
31-Dec-14,63.41,63.46,62.18,62.2,661893
2-Jan-15,62.33,63.03,61.82,62.41,666711
5-Jan-15,62.16,62.24,60.74,61.33,952943
6-Jan-15,61.39,61.73,60.36,61.25,1190042
7-Jan-15,61.8,62.3,61.36,62.26,925175
8-Jan-15,62.83,63.19,62.71,63.14,907227
9-Jan-15,63.28,63.41,62.62,62.93,569568
12-Jan-15,62.89,63.17,62.42,62.73,666198
13-Jan-15,63.05,63.98,62.21,62.87,946821
14-Jan-15,62.09,62.34,61.55,62.22,585043
15-Jan-15,62.43,62.64,61.87,62.3,749894
16-Jan-15,62.16,63.34,62.11,63.29,846587
20-Jan-15,63.45,63.79,62.65,63.29,654867
21-Jan-15,62.87,63.19,62.41,62.73,753318
22-Jan-15,63.01,63.96,62.5,63.84,644936
23-Jan-15,63.86,64.42,63.64,64.01,773642
26-Jan-15,63.87,64.21,63.48,64.05,640354
27-Jan-15,63.28,63.43,62.47,63.14,1048144
28-Jan-15,63.71,63.76,62.36,62.41,1080242
29-Jan-15,62.4,63.5,62.2,63.36,1104118
30-Jan-15,63.04,63.24,62.36,62.43,1439579
2-Feb-15,62.86,63.01,61.65,63,1124577
3-Feb-15,63.25,64.39,62.99,64.33,1101671
4-Feb-15,64.29,64.86,63.81,64.49,1378737
5-Feb-15,64.45,64.79,63.08,64.01,1842076
6-Feb-15,64.05,64.6,63.63,63.93,1493747
9-Feb-15,63.47,63.88,63.22,63.61,1231074
10-Feb-15,63.87,64.84,63.75,64.68,687967
11-Feb-15,64.74,65.36,64.69,65.15,969012
12-Feb-15,65.36,66.19,65.36,66.19,762647
13-Feb-15,66.2,66.57,66.04,66.52,702450
17-Feb-15,66.25,66.96,66.25,66.91,902955
18-Feb-15,66.58,67.4,66.57,67.25,1075322
19-Feb-15,67.33,67.7,67.08,67.69,973207
20-Feb-15,67.61,68.98,67.43,68.68,2837121
23-Feb-15,68.68,68.79,67.82,68.21,1208860
24-Feb-15,68.06,68.4,67.93,68.16,865587
25-Feb-15,67.97,68.45,67.91,68.01,998135
26-Feb-15,68.05,68.31,67.87,68.14,751253
27-Feb-15,67.89,68.03,67.44,67.59,1104331
2-Mar-15,67.48,68.3,67.34,68.24,765215
3-Mar-15,67.9,67.99,67.28,67.61,948414
4-Mar-15,67.33,67.5,66.7,67.01,788691
5-Mar-15,67.28,67.37,66.85,67.25,578551
6-Mar-15,66.9,67.02,65.97,66.1,808991
9-Mar-15,66.02,66.77,66.02,66.62,675195
10-Mar-15,66.26,66.29,65.09,65.1,940511
11-Mar-15,65.03,65.24,64.5,64.6,1016810
12-Mar-15,64.74,66.27,64.74,66.25,1087440
13-Mar-15,66.02,66.18,64.95,65.3,812063
16-Mar-15,65.7,66.65,65.61,66.64,885082
17-Mar-15,66.2,66.62,66.05,66.35,584813
18-Mar-15,66.14,67.8,66.1,67.49,972432
19-Mar-15,67.5,67.76,67.19,67.61,659656
20-Mar-15,68.18,68.74,67.7,68.33,1571834
23-Mar-15,68.29,68.89,68.06,68.53,920031
24-Mar-15,68.39,68.6,67.98,68.14,1293343
25-Mar-15,68.12,68.19,67.53,67.54,2031369
26-Mar-15,67.3,67.72,66.88,67.42,946983
27-Mar-15,67.25,67.69,66.74,67.07,1150138
30-Mar-15,67.58,68.58,67.55,68.28,759955
31-Mar-15,68.05,68.58,67.83,68.06,736205
1-Apr-15,67.94,68.04,67.17,67.7,1009078
2-Apr-15,67.81,68.45,67.54,68.08,924748
6-Apr-15,67.41,68.47,67.34,68.15,1185916
7-Apr-15,68.08,68.33,67.83,67.89,727390
8-Apr-15,67.84,68.51,67.84,68.51,762501
9-Apr-15,68.53,68.55,67.75,68.08,920483
10-Apr-15,65.87,66.07,63.27,65.5,6919086
13-Apr-15,65.21,65.74,64.55,64.69,2452959
14-Apr-15,64.63,65,64.21,64.36,2167784
15-Apr-15,64.57,64.96,63.93,64.31,2473608
16-Apr-15,64.21,64.62,63.82,64.08,1749597
17-Apr-15,63.61,63.72,62.94,63.33,2382156
20-Apr-15,63.63,64.29,63.57,63.94,2001835
21-Apr-15,64.05,64.85,64.05,64.09,1915344
22-Apr-15,64.11,64.68,63.75,64.28,1622560
23-Apr-15,64.16,64.67,63.99,64.51,1325552
24-Apr-15,64.52,64.53,63.98,64.11,1146263
27-Apr-15,64.38,64.38,63.84,64.01,1393247
28-Apr-15,63.86,64.41,63.52,64.28,1462697
29-Apr-15,64.11,64.59,64.01,64.15,1636402
30-Apr-15,60.95,63.79,60.79,62.49,4084395
1-May-15,62.7,63.15,62.18,63.11,2016433
4-May-15,63.34,63.68,63.07,63.25,1630339
5-May-15,63.02,63.55,62.99,63.37,2109255
6-May-15,63.58,63.96,63.11,63.48,1354856
7-May-15,63.5,64.32,63.41,64.06,1373175
8-May-15,64.74,65.7,64.74,65.08,1308086
11-May-15,64.87,65.28,64.54,64.54,882084
12-May-15,64.04,64.33,63.66,64,1579069
13-May-15,64.01,64.64,63.76,63.86,1038334
14-May-15,64.17,64.61,64.01,64.55,1346128
15-May-15,64.57,64.85,64.26,64.45,1050355
18-May-15,64.34,64.77,64.2,64.65,866445
19-May-15,64.81,64.97,64.56,64.78,839672
20-May-15,64.98,65.19,64.63,64.78,646301
21-May-15,64.6,64.83,64.48,64.54,663862
22-May-15,64.41,64.72,64.28,64.37,794634
26-May-15,64.14,64.23,63.14,63.25,1027589
27-May-15,63.51,63.67,63.19,63.58,1538977
28-May-15,63.46,63.66,63.08,63.4,877706
29-May-15,63.3,63.45,62.58,62.7,1547987
1-Jun-15,62.75,63.04,62.08,62.62,1606565
2-Jun-15,62.41,62.59,62.05,62.44,1277940
3-Jun-15,62.74,62.9,62.39,62.52,931903
4-Jun-15,62.19,62.4,61.72,61.78,1213734
5-Jun-15,61.69,62.31,61.54,62.2,1599317
8-Jun-15,62.09,62.47,61.84,61.97,1060415
9-Jun-15,62.01,62.17,61.63,61.79,1019470
10-Jun-15,62.01,62.71,61.97,62.53,559183
11-Jun-15,63.3,64.38,63.1,64.16,1744301
12-Jun-15,63.71,63.86,63.19,63.26,879422
15-Jun-15,62.63,62.96,62.15,62.86,1049891
16-Jun-15,62.84,63.26,62.63,63.03,1168980
17-Jun-15,63.24,63.3,62.64,62.94,648191
18-Jun-15,63.08,63.49,62.85,63.4,1452845
19-Jun-15,63.47,64.05,63.47,63.94,1356551
22-Jun-15,64.25,64.93,64.11,64.59,959857
23-Jun-15,64.66,64.71,64.15,64.27,882312
24-Jun-15,64.15,64.18,63.3,63.3,691303
25-Jun-15,63.51,63.59,63.03,63.13,780801
26-Jun-15,63.25,63.43,63.04,63.37,2518287
29-Jun-15,62.99,63.19,62.33,62.41,1456888
30-Jun-15,62.9,62.9,61.69,61.8,1313772
1-Jul-15,62.15,62.48,61.98,62.32,861340
2-Jul-15,62.51,62.52,62,62.37,697028
6-Jul-15,61.81,62.58,61.66,62.52,943321
7-Jul-15,62.62,62.76,61.77,62.7,727985
8-Jul-15,62.13,62.46,61.58,61.58,832459
9-Jul-15,62.42,62.74,62.23,62.33,884893
10-Jul-15,63,63.78,62.91,63.57,964053
13-Jul-15,63.95,64.1,63.74,64.02,1244875
14-Jul-15,64.03,64.28,63.75,64.16,711667
15-Jul-15,64.24,64.49,64.02,64.15,677549
16-Jul-15,64.48,64.67,64.02,64.5,2172475
17-Jul-15,64.65,64.65,63.91,64.09,681762
20-Jul-15,64.19,64.69,64.12,64.26,865285
21-Jul-15,64.15,64.48,63.66,63.8,966336
22-Jul-15,63.79,64.29,63.65,64.13,1111796
23-Jul-15,63.93,64.35,62.08,62.58,2976613
24-Jul-15,62.51,62.95,62.16,62.64,1291827
27-Jul-15,62.32,62.36,61.57,62.13,1531648
28-Jul-15,62.39,62.51,61.84,62.42,1387490
29-Jul-15,62.36,63.34,62.3,63.24,890085
30-Jul-15,63.1,66.65,62.59,65.85,7446623
31-Jul-15,66.17,66.17,65.08,65.43,1691187
3-Aug-15,65.5,65.72,64.67,65.49,1005651
4-Aug-15,65.49,65.85,65.18,65.28,756030
5-Aug-15,65.5,65.98,65.46,65.74,753120
6-Aug-15,65.76,65.79,64.56,64.68,586104
7-Aug-15,64.59,64.84,64.31,64.77,644188
10-Aug-15,65.16,65.69,65,65.52,799901
11-Aug-15,64.91,65.28,64.59,65.07,990117
12-Aug-15,68.57,70.89,68.07,70.75,6375212
13-Aug-15,70.76,70.96,69.95,70.16,2395725
14-Aug-15,69.98,70.37,69.7,70.27,1274802
17-Aug-15,70.3,71.63,70.2,71.45,1850606
18-Aug-15,71.48,71.74,71.23,71.72,1117098
19-Aug-15,71.61,72.24,71.09,71.86,1861976
20-Aug-15,71.68,72.3,71.31,71.31,1830207
21-Aug-15,70.95,71.49,69.25,69.32,2963425
24-Aug-15,66.27,68.35,65.2,65.97,3135484
25-Aug-15,67.78,67.81,65.32,65.37,2467953
26-Aug-15,67.13,69.56,66.41,69.45,2925417
27-Aug-15,70.02,70.57,68.99,70.29,1477204
28-Aug-15,70.24,70.48,69.7,70.28,1833165
31-Aug-15,69.68,69.91,68.9,69.06,1236171
1-Sep-15,67.73,68.45,66.54,67.08,2179737
2-Sep-15,67.9,68.03,66.96,67.84,1837907
3-Sep-15,68.24,68.67,67.88,68.15,1677446
4-Sep-15,67.3,67.92,66.79,67.06,1268215
8-Sep-15,68.1,69.36,67.88,69.36,988302
9-Sep-15,69.67,70,67.83,67.93,819069
10-Sep-15,67.88,69.12,67.87,68.72,1614504
11-Sep-15,68.67,69.71,68.15,69.62,1232718
14-Sep-15,69.36,69.48,68.52,68.74,1147147
15-Sep-15,68.99,70.15,68.65,69.87,803166
16-Sep-15,69.83,70.27,69.71,69.93,918661
17-Sep-15,69.96,70.48,69.13,69.3,1420244
18-Sep-15,68.51,69.45,68.04,68.18,2333069
21-Sep-15,68.5,69.93,68.45,69.58,1137838
22-Sep-15,68.86,68.89,67.8,68.21,1431771
23-Sep-15,68.25,69.38,67.9,69.25,1333325
24-Sep-15,68.58,68.85,67.85,68.3,1125630
25-Sep-15,68.82,69.04,67.83,68.22,1116545
28-Sep-15,68,68.22,65.82,65.85,1447382
29-Sep-15,65.95,66.6,65.75,66.5,1514794
30-Sep-15,67.3,67.74,66.35,67.08,1498580
1-Oct-15,67.75,67.75,66.74,67.58,1424579
2-Oct-15,66.42,68.41,66.16,68.35,871852
5-Oct-15,68.52,69.52,68.52,69.33,1083041
6-Oct-15,69.13,69.46,68.67,69.44,1214507
7-Oct-15,69.82,70.28,69.36,70.14,1344653
8-Oct-15,70.1,71.38,69.95,71.3,1584386
9-Oct-15,71.26,71.65,70.1,70.5,1505369
12-Oct-15,70.5,71.16,70.27,70.82,697242
13-Oct-15,70.44,70.89,69.6,69.84,1240753
14-Oct-15,69.93,70.34,69.2,69.38,1104984
15-Oct-15,69.86,69.87,69.12,69.81,1669427
16-Oct-15,70.06,70.35,69.58,70.35,996344
19-Oct-15,69.99,70.69,69.76,70.61,1026639
20-Oct-15,70.5,70.82,70.12,70.64,853914
21-Oct-15,70.81,71.06,69.68,69.73,823519
22-Oct-15,70.14,71,69.84,70.57,1038274
23-Oct-15,71.2,71.34,70.6,71.23,1018340
26-Oct-15,71.13,71.39,70.82,71.34,944841
27-Oct-15,70.94,71.38,70.71,70.99,1097929
28-Oct-15,71.31,72.8,71.01,72.79,1046906
29-Oct-15,72.66,72.87,72.39,72.74,1155123
30-Oct-15,72.83,73.01,72.4,72.92,2011234
2-Nov-15,72.28,73.6,70.58,73.5,2812383
3-Nov-15,66.04,69.25,64.06,64.47,9437412
4-Nov-15,64.48,67.77,64.44,65.54,5650526
5-Nov-15,65.72,66.7,65.46,66.18,3622248
6-Nov-15,66.17,67.43,66.14,67.19,2282487
9-Nov-15,66.94,67.47,66.06,66.35,1180491
10-Nov-15,66.13,66.69,66.03,66.51,1803826
11-Nov-15,66.42,67.37,66.19,67.08,1832984
12-Nov-15,66.77,67.02,66.22,66.31,1686309
13-Nov-15,66.21,66.33,65.09,65.1,1083747
16-Nov-15,65.14,65.61,64.89,65.5,1466144
17-Nov-15,65.72,66.12,65.43,65.61,999766
18-Nov-15,65.92,66.26,65.5,66.12,1284453
19-Nov-15,66.25,66.53,65.87,66.08,1301892
20-Nov-15,66.4,66.61,66.19,66.41,2673231
23-Nov-15,66.48,66.64,65.38,65.55,2378845
24-Nov-15,65.15,65.47,63.96,64.78,2116043
25-Nov-15,65.01,65.01,64.12,64.53,2030001
27-Nov-15,64.63,64.89,64.48,64.72,969640
30-Nov-15,64.81,64.9,63.58,63.67,2960347
1-Dec-15,63.97,64.76,63.67,64.49,3992046
2-Dec-15,64.35,65.96,64.15,64.98,8466693
3-Dec-15,65.18,65.26,63.61,64.07,4312157
4-Dec-15,64.33,65.3,64.02,65.04,3141584
7-Dec-15,64.81,65,63.13,63.51,2116971
8-Dec-15,63,63.11,62.29,63.05,2539049
9-Dec-15,62.74,64.1,62.68,63.45,2529099
10-Dec-15,63.41,63.6,62.78,62.88,1960214
11-Dec-15,61.53,62.06,60.95,61.2,2256844
14-Dec-15,60.42,62.1,60.38,61.11,2135365
15-Dec-15,61.57,61.9,61.07,61.62,1917916
16-Dec-15,62.09,62.34,60.86,62.03,1380238
17-Dec-15,61.99,62.49,59.75,59.88,2062507
18-Dec-15,59.6,59.65,58.49,58.52,2737042
21-Dec-15,58.98,59.77,58.78,59.16,1682319
22-Dec-15,59.37,60.05,59.19,59.85,1711632
23-Dec-15,60.04,61.52,59.91,61.19,2187879
24-Dec-15,61.13,61.42,60.8,61.11,411329
28-Dec-15,60.82,61,60.27,61,1365624
29-Dec-15,61.36,62.14,61.24,61.59,755066
30-Dec-15,61.33,61.62,60.96,60.99,584894
31-Dec-15,60.77,61.36,60.51,60.6,871122
4-Jan-16,59.52,59.97,58.99,59.91,2160937
5-Jan-16,60.19,61.09,59.67,60.29,2283615
6-Jan-16,59.36,59.73,58.9,59.18,1743722
7-Jan-16,58.5,59.61,58.08,59.19,2160638
8-Jan-16,59.52,59.66,58.04,58.13,1960841
11-Jan-16,58.61,59.27,58.07,58.94,1726304
12-Jan-16,59.96,60.19,58.94,59.99,2757544
13-Jan-16,60.21,60.7,58.93,59.12,2525772
14-Jan-16,59.41,60.62,58.93,60.3,3068161
15-Jan-16,58.57,59.27,57.62,58.46,2990825
19-Jan-16,59.15,59.34,58.3,58.71,1340415
20-Jan-16,57.92,58.35,56.8,57.89,2399129
21-Jan-16,58.14,58.94,57.67,58.05,2661905
22-Jan-16,59.06,59.55,58.93,59.45,1972818
25-Jan-16,59.17,59.65,58.76,58.85,1267170
26-Jan-16,59.01,60.09,58.72,60.04,1269137
27-Jan-16,59.87,60.38,58.45,58.81,2092222
28-Jan-16,59.3,59.46,58.06,58.21,1654714
29-Jan-16,58.6,59.76,58.31,59.73,2185729
1-Feb-16,59.38,61.04,59.21,60.67,1809977
2-Feb-16,60,60.12,59.3,59.52,1611133
3-Feb-16,59.6,59.95,58.86,59.65,1523243
4-Feb-16,59.46,60.26,59.46,60.15,1448277
5-Feb-16,59.85,60.4,58.29,58.54,1913258
8-Feb-16,57.74,57.74,55.1,56.04,4210837
9-Feb-16,57.65,59.24,56.38,57.93,5489631
10-Feb-16,57.89,58.68,57.32,57.4,3098642
11-Feb-16,56.2,56.88,55.99,56.44,1955747
12-Feb-16,57.1,57.63,56.83,57.57,1518664
16-Feb-16,58.5,58.97,58.22,58.65,2762560
17-Feb-16,59.11,59.55,58.83,59.54,2643344
18-Feb-16,59.51,59.76,58.93,59.17,1233499
19-Feb-16,59.17,59.75,58.66,59.71,1690068
22-Feb-16,59.91,60.7,59.66,59.99,1766165
23-Feb-16,59.66,59.99,58.9,58.98,1747276
24-Feb-16,58.51,59.23,57.8,59.18,1560831
25-Feb-16,59.33,60.07,58.93,60.04,1556002
26-Feb-16,60.18,60.61,59.4,59.49,1806546
29-Feb-16,59.43,59.69,58.23,58.25,2484259
1-Mar-16,58.81,60.01,58.7,60,2165345
2-Mar-16,59.96,59.99,59.13,59.92,1565434
3-Mar-16,59.85,60.47,59.43,60.33,2195541
4-Mar-16,60.33,60.84,59.95,60.81,2523269
7-Mar-16,60.44,60.66,59.84,60.07,1848063
8-Mar-16,59.53,59.76,59.13,59.18,1465922
9-Mar-16,59.52,60.05,59.11,60.02,1873272
10-Mar-16,60.24,61.75,60.07,61.56,4338544
11-Mar-16,61.82,63.01,61.26,62.81,3868634
14-Mar-16,62.74,62.92,62.17,62.8,2366504
15-Mar-16,62.04,62.7,61.82,62.43,1397450
16-Mar-16,62.32,63,62.21,62.76,1524852
17-Mar-16,62.73,63.37,62.53,63.06,2292656
18-Mar-16,61.93,62.84,61.25,62.54,9130763
21-Mar-16,62.36,62.93,62.19,62.75,2202836
22-Mar-16,62.5,62.75,62.37,62.45,1445332
23-Mar-16,62.49,63.03,62.2,62.89,2277035
24-Mar-16,62.67,62.72,61.95,62.62,1567778
28-Mar-16,63,63,62.25,62.42,1044979
29-Mar-16,62.23,62.95,62.05,62.92,1105290
30-Mar-16,63,63.41,62.92,63.18,1397306
31-Mar-16,63.03,63.74,62.84,63.31,1409342
1-Apr-16,63.64,65.11,63.39,65.01,2796026
4-Apr-16,65.11,65.35,64.25,64.34,1467944
5-Apr-16,63.99,64.18,63.37,63.44,1204903
6-Apr-16,63.34,64.58,63.3,64.5,1450022
7-Apr-16,64.05,64.38,63.48,63.89,1480746
8-Apr-16,64.4,64.44,63.75,63.98,1746186
11-Apr-16,64.23,64.82,63.91,64.11,1735555
12-Apr-16,64.1,64.39,63.74,64.03,1417215
13-Apr-16,64.37,64.51,63.77,64.28,1815006
14-Apr-16,64.18,64.48,63.93,64.19,1176389
15-Apr-16,64.25,64.57,64,64.06,1639737
18-Apr-16,64.04,65.04,63.92,65.01,1086486
19-Apr-16,65.23,65.84,65,65.49,1658193
20-Apr-16,65.56,66.79,65.32,66.45,2876834
21-Apr-16,66.22,66.68,64.99,65.24,2024283
22-Apr-16,64.91,65.44,64.36,65.24,1436072
25-Apr-16,64.96,65.86,64.69,65.7,1574384
26-Apr-16,65.83,66.22,65.13,66,1375326
27-Apr-16,65.41,66.62,65.41,66.4,1472072
28-Apr-16,66.02,66.46,65.51,65.67,1617682
29-Apr-16,65.29,66.11,64.84,65.8,2989936
2-May-16,66,67.36,65.72,67.18,4016414
3-May-16,69.57,72.23,69.52,71.29,8596551
4-May-16,71.05,71.4,70.51,71.05,3610651
5-May-16,70.89,71.5,69.93,70.39,2919982
6-May-16,70.14,71.27,70.05,71.25,2242113
9-May-16,71.83,72.98,71.54,71.72,2666675
10-May-16,71.95,73.9,71.95,73.85,3698456
11-May-16,74.13,74.19,73.19,73.43,2755193
12-May-16,72.05,72.98,71.3,71.77,4713444
13-May-16,71.82,73.03,71.8,72.31,7520571
16-May-16,72.28,72.98,71.92,72.79,2619507
17-May-16,72.67,73,71.91,72.13,2094523
18-May-16,72.05,72.86,71.6,72.39,2438137
19-May-16,72.05,72.74,71.73,72.61,1753870
20-May-16,73.1,73.1,72.65,72.98,2399678
23-May-16,72.87,72.9,72.46,72.54,1378340
24-May-16,72.99,73.97,72.82,73.91,5103261
25-May-16,73.97,74.11,73.43,73.68,2135870
26-May-16,73.5,74.5,73.26,74.03,1813925
27-May-16,73.9,74.57,73.88,74.41,1476358
31-May-16,74.48,74.59,73.85,74.27,3217920
1-Jun-16,74.19,74.75,73.66,74.72,1354537
2-Jun-16,74.65,75.46,74.26,75.38,1346818
3-Jun-16,74.97,75.15,74.27,74.99,1256001
6-Jun-16,74.95,75.8,74.75,75.28,1800928
7-Jun-16,75.28,75.75,75.14,75.45,1589821
8-Jun-16,75.31,75.71,75.08,75.38,1210521
9-Jun-16,75.07,75.4,74.92,75.14,1190063
10-Jun-16,74.56,74.63,74.06,74.34,1794884
13-Jun-16,74.13,74.65,73.4,73.44,1796049
14-Jun-16,73.11,73.89,72.9,73.75,1533426
15-Jun-16,73.78,74,73.43,73.62,1902419
16-Jun-16,73.31,73.9,72.93,73.76,2308508
17-Jun-16,73.64,73.64,72.47,72.79,4453689
20-Jun-16,73.41,74.01,72.77,72.89,2648600
21-Jun-16,73.12,73.56,72.74,73.29,2600317
22-Jun-16,73.41,73.67,73.02,73.13,1203369
23-Jun-16,73.59,73.92,73.31,73.91,1603346
24-Jun-16,71.29,72.11,70.63,70.67,5526697
27-Jun-16,69.95,69.99,68.03,68.36,2764589
28-Jun-16,69.05,71.04,69.04,71.04,2322278
29-Jun-16,71.4,72.55,71.31,72.45,2005234
30-Jun-16,72.51,73.68,72.27,73.68,2288315
1-Jul-16,73.8,74.56,73.8,74.5,2797239
5-Jul-16,74.07,74.67,73.78,74.61,2904756
6-Jul-16,74.22,74.64,73.84,74.25,2066919
7-Jul-16,74.23,74.82,74.23,74.76,1672230
8-Jul-16,75.06,76.18,75,76.03,2184183
11-Jul-16,76.3,76.85,75.95,76.01,1888041
12-Jul-16,76.36,77.07,76,76.95,1871889
13-Jul-16,77.28,77.44,76.92,77.14,1371838
14-Jul-16,77.54,77.75,76.85,76.89,1964532
15-Jul-16,77.15,77.25,76.5,76.54,1556887
18-Jul-16,76.64,76.94,76.41,76.88,1286666
19-Jul-16,76.6,77.19,76.41,77.16,1170722
20-Jul-16,77.66,78.04,77.38,78,1595654
21-Jul-16,78.05,78.2,77.38,77.83,1773467
22-Jul-16,77.69,78.1,77.69,77.98,1011986
25-Jul-16,78.05,78.05,77.44,77.9,2230707
26-Jul-16,80,81.29,79.51,80.84,5673806
27-Jul-16,81,81.41,80.41,80.79,2700516
28-Jul-16,80.68,80.72,79.76,80.36,1418726
29-Jul-16,80.38,80.49,79.33,79.53,1890454
1-Aug-16,79.73,79.89,78.93,79.2,1389647
2-Aug-16,79.14,79.23,78.19,78.47,1592937
3-Aug-16,78.49,78.53,77.73,78.15,1467869
4-Aug-16,78.26,78.81,78.15,78.22,1549180
5-Aug-16,78.59,79.37,78.48,79.23,1030778
8-Aug-16,79.76,79.76,79.14,79.41,1040706
9-Aug-16,79.5,79.95,79.23,79.73,1663795
10-Aug-16,79.8,79.92,79.45,79.85,915401
11-Aug-16,80.15,80.72,80.15,80.5,1491887
12-Aug-16,80.23,80.27,79.74,80.04,1334131
15-Aug-16,80.13,80.37,79.89,80.09,1145412
16-Aug-16,79.71,79.71,78.89,78.89,1237060
17-Aug-16,79.09,79.3,78.52,79.15,1166038
18-Aug-16,79.02,79.46,78.97,79.24,1453007
19-Aug-16,79.03,79.32,78.69,79.28,1417066
22-Aug-16,79.21,79.52,78.97,79.51,832993
23-Aug-16,79.78,80.12,79.71,80.07,891154
24-Aug-16,79.95,80.1,79.26,79.56,1144740
25-Aug-16,79.51,79.75,79.2,79.61,1031758
26-Aug-16,79.85,80.35,79.09,79.52,789487
29-Aug-16,79.52,79.99,79.32,79.38,1117917
30-Aug-16,79.51,79.7,79.22,79.52,825790
31-Aug-16,79.49,79.49,79.02,79.33,1314953
1-Sep-16,79.41,79.79,79.05,79.64,1407634
2-Sep-16,80,80.45,79.66,80.44,1614237
6-Sep-16,81.67,81.67,79.83,80.41,1808436
7-Sep-16,80.39,80.39,79.66,80.05,1427986
8-Sep-16,79.67,80.07,79.1,79.26,2070645
9-Sep-16,78.84,79.3,77.39,77.4,2025114
12-Sep-16,77.01,78.21,76.72,78.05,2129734
13-Sep-16,77.34,77.68,76.62,76.69,2026992
14-Sep-16,76.54,76.84,75.77,76.06,2751358
15-Sep-16,75.91,76.97,75.5,76.65,2161661
16-Sep-16,76.38,76.39,74.87,75.09,12346474
19-Sep-16,75.92,76.15,75.45,75.9,2786468
20-Sep-16,76.39,76.93,76.21,76.57,1978825
21-Sep-16,76.86,77.28,76.08,77.12,2127280
22-Sep-16,77.73,77.89,77,77.52,1370889
23-Sep-16,77.02,77.41,77,77.08,1088211
26-Sep-16,76.76,77.27,76.75,76.87,943679
27-Sep-16,76.98,77.77,76.86,77.74,1272578
28-Sep-16,77.88,77.88,76.57,77.23,1702718
29-Sep-16,77.18,77.89,76.79,76.84,1183023
30-Sep-16,76.93,77.31,76.28,77.03,1816037
3-Oct-16,76.8,77.32,76.73,76.91,1059083
4-Oct-16,76.91,77.17,75.93,76.46,1114821
5-Oct-16,76.88,77.87,76.34,76.87,1761587
6-Oct-16,76.91,78.33,76.88,78.28,1888410
7-Oct-16,78.46,78.69,77.29,77.63,1691463
10-Oct-16,77.88,78.15,77.37,77.41,1114978
11-Oct-16,77.08,77.09,76.02,76.49,1394691
12-Oct-16,76.59,77.29,76.28,77.19,964769
13-Oct-16,76.68,76.93,75.93,76.33,1508508
14-Oct-16,76.67,77.45,76.49,76.5,904803
17-Oct-16,76.68,76.73,75.76,75.81,1156071
18-Oct-16,76.45,76.61,75.88,75.95,1174008
19-Oct-16,76.21,76.53,76.02,76.32,986257
20-Oct-16,76.31,76.36,74.85,75.29,2186131
21-Oct-16,74.82,75.31,74.41,75.01,1086906
24-Oct-16,75.52,76.04,75.23,75.9,1478072
25-Oct-16,75.79,75.86,75.44,75.56,1511494
26-Oct-16,75.37,75.9,75.02,75.15,888424
27-Oct-16,74.96,75.04,73.57,74.09,3173817
28-Oct-16,74.23,74.99,74.14,74.37,1866285
31-Oct-16,74.43,74.62,73.25,73.92,1785073
1-Nov-16,73.91,77.1,73.89,76.85,4195859
2-Nov-16,76.61,76.81,74.88,75.05,2216426
3-Nov-16,75.05,75.38,74.76,74.97,1101455
4-Nov-16,74.9,75.9,74.86,75.42,1433385
7-Nov-16,76.38,76.81,76.23,76.5,1776055
8-Nov-16,76.5,77,76.01,76.6,967563
9-Nov-16,75.68,77.15,74.96,76.9,1567660
10-Nov-16,77.2,77.4,75.86,77.05,1999281
11-Nov-16,76.66,77.4,76.21,76.32,1732011
14-Nov-16,76.45,76.98,74.81,75.19,2011490
15-Nov-16,75.54,75.86,74.63,74.74,1909508
16-Nov-16,74.75,75.22,74.44,75.1,1442311
17-Nov-16,75.34,75.95,74.92,75.87,1796304
18-Nov-16,75.95,77.56,75.8,77.12,2242406
21-Nov-16,77.24,77.88,77.17,77.53,1506744
22-Nov-16,77.46,77.77,76.98,77.64,1484507
23-Nov-16,77.68,79,77.68,79,2044889
25-Nov-16,79.06,79.23,78.56,78.76,682647
28-Nov-16,78.79,79,78.34,78.67,1303000
29-Nov-16,78.85,79.1,78.56,78.9,1174470
30-Nov-16,78.84,79.09,77.17,77.19,1867090
1-Dec-16,77.17,77.2,75.39,75.73,1672812
2-Dec-16,75.76,75.89,74.95,75,1742652
5-Dec-16,75.55,75.77,75.11,75.28,2022444
6-Dec-16,75.52,75.63,74.98,75.51,1812374
7-Dec-16,74.73,75.66,73.97,75.62,2811351
8-Dec-16,75.55,75.56,74.71,75.12,1787429
9-Dec-16,75.12,75.72,74.98,75.56,1456379
12-Dec-16,75.4,76.1,75.37,75.78,1813280
13-Dec-16,76.06,76.39,75.3,75.34,1590729
14-Dec-16,75.23,76.6,75.03,75.92,2777181
15-Dec-16,76.11,77.78,75.6,77.35,2132676
16-Dec-16,77.55,77.74,76.27,76.64,7858259
19-Dec-16,76.71,76.95,75.92,76.08,1740481
20-Dec-16,76.25,76.56,75.68,76.46,1692343
21-Dec-16,76.29,77.22,76.03,76.69,960249
22-Dec-16,76.52,76.52,75.59,75.8,2082270
23-Dec-16,76.03,76.82,75.78,76.02,993118
27-Dec-16,76.11,76.91,75.86,76.67,1186458
28-Dec-16,76.6,76.87,76.12,76.58,1561931
29-Dec-16,76.65,77.12,76.51,77,1471959
30-Dec-16,77,77.14,75.4,75.64,1610119
3-Jan-17,76.28,77.05,75.88,76.98,1646556
4-Jan-17,76.86,78.25,76.86,78.24,1556527
5-Jan-17,78.25,78.79,77.75,78.05,1150149
6-Jan-17,78.51,79.02,77.68,78.89,973712
9-Jan-17,78.92,78.94,78.02,78.04,963590
10-Jan-17,78.07,78.33,77.64,77.65,796031
11-Jan-17,77.43,77.72,77,77.39,1201347
12-Jan-17,76.98,77.23,76.09,77.05,2217267
13-Jan-17,76.95,77.45,76.7,77.37,1228319
17-Jan-17,77.26,78.75,77.08,78.7,2186977
18-Jan-17,78.87,79.54,78.16,79.46,2633158
19-Jan-17,79.26,79.31,78.58,79.15,1590928
20-Jan-17,79.56,79.98,79.24,79.79,3061399
23-Jan-17,79.8,80.34,79.62,80.07,2794749
24-Jan-17,80,80.08,79.48,80.03,1901666
25-Jan-17,80,80.28,79.72,79.88,1741571
26-Jan-17,79.9,79.96,79.28,79.56,1703239
27-Jan-17,79.9,79.93,79.53,79.81,952077
30-Jan-17,79.89,79.89,78.89,79.6,670488
31-Jan-17,79.57,79.82,78.87,79.42,1308313
1-Feb-17,79.68,79.79,78.76,79.02,1315169
2-Feb-17,78.86,79.38,78.56,79.06,1022956
3-Feb-17,79.58,80.3,79.09,79.4,1601488
6-Feb-17,79.39,79.58,78.9,79.35,2472739
7-Feb-17,76.76,77.73,75.52,77.3,6833976
8-Feb-17,78,80.36,77.63,79.84,4695971
9-Feb-17,79.78,81,79.65,80.75,2147246
10-Feb-17,80.96,81.39,80.46,80.46,1924927
13-Feb-17,80.87,81.12,80.47,80.91,1068805
14-Feb-17,80.8,80.96,80.31,80.5,1168516
15-Feb-17,80.5,81.48,80.38,81.41,1620389
16-Feb-17,81.33,81.74,80.81,81.72,1052790
17-Feb-17,81.57,82.05,81.04,82.05,1028137
